,char_count
0,238
1,214
2,54
3,150
4,237
5,97
6,120
7,93
8,143
9,60
10,97
11,48
12,207
13,98
14,119
15,46
16,181
17,380
18,85
19,169
20,124
21,159
22,232
23,193
24,158
25,112
26,54
27,25
28,64
29,79
30,242
31,142
32,63
33,214
34,121
35,157
36,70
37,103
38,73
39,185
40,205
41,176
42,158
43,52
44,113
45,176
46,104
47,134
48,46
49,100
50,113
51,205
52,162
53,126
54,117
55,201
56,69
57,151
58,137
59,250
60,212
61,197
62,109
63,107
64,188
65,140
66,78
67,124
68,63
69,89
70,60
71,174
72,69
73,56
74,141
75,187
76,60
77,101
78,104
79,84
80,188
81,132
82,178
83,171
84,66
85,119
86,126
87,167
88,75
89,196
90,106
91,49
92,193
93,75
94,114
95,129
96,232
97,232
98,131
99,202
100,103
101,99
102,128
103,103
104,106
105,137
106,134
107,157
108,234
109,180
110,116
111,45
112,88
113,100
114,143
115,112
116,76
117,90
118,70
119,252
120,49
121,156
122,103
123,49
124,42
125,291
126,162
127,104
128,204
129,127
130,46
131,129
132,217
133,73
134,90
135,103
136,109
137,152
138,50
139,155
140,201
141,198
142,181
143,113
144,134
145,77
146,129
147,223
148,121
149,129
150,245
151,98
152,143
153,76
154,47
155,93
156,175
157,69
158,66
159,93
160,69
161,110
162,144
163,144
164,77
165,52
166,161
167,124
168,115
169,216
170,87
171,129
172,138
173,25
174,205
175,130
176,156
177,192
178,48
179,130
180,152
181,87
182,122
183,214
184,64
185,109
186,137
187,90
188,93
189,78
190,111
191,113
192,222
193,88
194,99
195,101
196,182
197,164
198,142
199,155
200,167
201,164
202,133
203,100
204,95
205,94
206,87
207,248
208,102
209,114
210,161
211,166
212,353
213,118
214,75
215,105
216,65
217,119
218,163
219,103
220,26
221,120
222,86
223,107
224,282
225,98
226,141
227,207
228,130
229,128
230,76
231,103
232,48
233,194
234,108
235,96
236,132
237,88
238,161
239,86
240,49
241,110
242,151
243,81
244,126
245,144
246,107
247,63
248,149
249,139
250,114
251,121
252,231
253,57
254,98
255,154
256,126
257,242
258,105
259,207
260,66
261,75
262,114
263,88
264,75
265,200
266,233
267,130
268,195
269,242
270,152
271,66
272,133
273,235
274,69
275,158
276,84
277,129
278,85
279,127
280,63
281,123
282,207
283,112
284,85
285,158
286,90
287,153
288,127
289,42
290,104
291,39
292,166
293,83
294,129
295,98
296,118
297,229
298,148
299,157
300,137
301,102
302,117
303,93
304,136
305,86
306,244
307,126
308,188
309,90
310,62
311,95
312,30
313,67
314,57
315,53
316,159
317,88
318,221
319,258
320,59
321,29
322,77
323,120
324,182
325,102
326,165
327,62
328,139
329,36
330,171
331,204
332,161
333,151
334,70
335,146
336,180
337,99
338,101
339,116
340,138
341,41
342,50
343,192
344,66
345,77
346,137
347,86
348,216
349,74
350,52
351,83
352,141
353,84
354,137
355,145
356,152
357,104
358,108
359,45
360,152
361,107
362,204
363,80
364,31
365,146
366,28
367,93
368,51
369,117
370,133
371,84
372,63
373,152
374,103
375,150
376,114
377,86
378,83
379,121
380,165
381,139
382,110
383,215
384,117
385,67
386,109
387,106
388,175
389,207
390,149
391,128
392,157
393,151
394,112
395,103
396,124
397,219
398,120
399,188
400,208
401,92
402,164
403,55
404,63
405,110
406,176
407,104
408,174
409,114
410,106
411,120
412,95
413,90
414,136
415,127
416,108
417,455
418,70
419,94
420,146
421,156
422,134
423,159
424,240
425,116
426,108
427,79
428,115
429,99
430,158
431,119
432,109
433,83
434,93
435,127
436,53
437,123
438,77
439,180
440,170
441,344
442,152
443,173
444,165
445,207
446,158
447,45
448,146
449,65
450,122
451,85
452,131
453,153
454,153
455,108
456,80
457,185
458,112
459,205
460,92
461,44
462,186
463,141
464,112
465,88
466,57
467,134
468,82
469,178
470,65
471,86
472,73
473,120
474,114
475,67
476,216
477,216
478,195
479,77
480,93
481,46
482,171
483,90
484,152
485,125
486,127
487,245
488,134
489,157
490,184
491,183
492,163
493,148
494,249
495,47
496,187
497,157
498,187
499,245
500,106
501,102
502,165
503,61
504,168
505,132
506,206
507,201
508,136
509,77
510,115
511,209
512,121
513,155
514,97
515,87
516,179
517,251
518,68
519,154
520,152
521,222
522,162
523,184
524,155
525,187
526,135
527,143
528,72
529,83
530,101
531,251
532,120
533,164
534,138
535,167
536,118
537,101
538,173
539,178
540,114
541,120
542,114
543,192
544,82
545,122
546,195
547,68
548,241
549,248
550,157
551,145
552,84
553,134
554,153
555,158
556,303
557,177
558,173
559,104
560,278
561,99
562,137
563,96
564,168
565,159
566,145
567,201
568,125
569,104
570,176
571,119
572,130
573,69
574,199
575,140
576,119
577,161
578,136
579,61
580,198
581,99
582,114
583,74
584,77
585,192
586,189
587,107
588,49
589,138
590,107
591,54
592,140
593,89
594,332
595,124
596,257
597,91
598,191
599,239
600,103
601,128
602,197
603,179
604,279
605,143
606,90
607,111
608,113
609,107
610,201
611,140
612,111
613,166
614,185
615,311
616,153
617,175
618,85
619,76
620,189
621,37
622,136
623,137
624,93
625,160
626,70
627,304
628,94
629,135
630,270
631,124
632,98
633,164
634,121
635,43
636,87
637,75
638,90
639,215
640,213
641,196
642,148
643,115
644,105
645,65
646,101
647,185
648,155
649,285
650,81
651,255
652,87
653,122
654,57
655,160
656,161
657,144
658,133
659,388
660,145
661,181
662,205
663,84
664,294
665,114
666,64
667,197
668,245
669,123
670,112
671,179
672,32
673,102
674,194
675,180
676,86
677,193
678,148
679,258
680,132
681,66
682,165
683,219
684,261
685,43
686,115
687,216
688,100
689,240
690,225
691,203
692,153
693,325
694,91
695,112
696,285
697,116
698,96
699,232
700,215
701,139
702,171
703,116
704,207
705,174
706,73
707,108
708,171
709,151
710,143
711,79
712,91
713,95
714,115
715,101
716,151
717,126
718,94
719,74
720,84
721,138
722,205
723,70
724,45
725,125
726,175
727,107
728,94
729,81
730,195
731,306
732,315
733,165
734,134
735,95
736,191
737,161
738,58
739,39
740,73
741,58
742,96
743,159
744,141
745,105
746,116
747,85
748,107
749,112
750,123
751,72
752,140
753,65
754,54
755,95
756,32
757,116
758,81
759,81
760,160
761,199
762,120
763,182
764,117
765,55
766,188
767,74
768,172
769,100
770,111
771,110
772,148
773,106
774,179
775,77
776,57
777,217
778,169
779,302
780,107
781,41
782,138
783,147
784,203
785,49
786,140
787,101
788,113
789,140
790,215
791,84
792,187
793,121
794,219
795,186
796,52
797,141
798,201
799,111
800,65
801,172
802,200
803,166
804,110
805,129
806,77
807,51
808,194
809,178
810,108
811,162
812,49
813,80
814,148
815,90
816,186
817,103
818,77
819,45
820,68
821,125
822,202
823,97
824,98
825,146
826,239
827,128
828,181
829,100
830,200
831,229
832,126
833,80
834,78
835,97
836,164
837,161
838,98
839,211
840,167
841,145
842,101
843,77
844,99
845,95
846,162
847,184
848,71
849,253
850,99
851,202
852,116
853,63
854,168
855,144
856,37
857,164
858,195
859,114
860,107
861,72
862,102
863,129
864,80
865,183
866,195
867,198
868,149
869,136
870,75
871,121
872,241
873,277
874,217
875,170
876,127
877,45
878,113
879,129
880,208
881,327
882,148
883,88
884,141
885,89
886,62
887,106
888,95
889,116
890,89
891,134
892,175
893,196
894,103
895,183
896,152
897,250
898,79
899,141
900,113
901,190
902,78
903,194
904,68
905,82
906,112
907,99
908,145
909,56
910,187
911,52
912,86
913,179
914,148
915,152
916,215
917,182
918,188
919,145
920,219
921,99
922,110
923,138
924,92
925,140
926,173
927,221
928,88
929,122
930,125
931,72
932,152
933,175
934,82
935,124
936,112
937,189
938,100
939,98
940,86
941,55
942,77
943,66
944,139
945,91
946,197
947,137
948,76
949,49
950,103
951,69
952,72
953,175
954,171
955,128
956,108
957,176
958,101
959,190
960,156
961,195
962,127
963,165
964,151
965,41
966,312
967,101
968,148
969,168
970,145
971,60
972,88
973,146
974,160
975,303
976,112
977,188
978,172
979,180
980,57
981,89
982,66
983,162
984,170
985,61
986,89
987,286
988,61
989,147
990,136
991,314
992,223
993,84
994,103
995,135
996,56
997,223
998,112
999,160
1000,181
1001,102
1002,72
1003,195
1004,248
1005,197
1006,175
1007,45
1008,91
1009,155
1010,191
1011,120
1012,141
1013,55
1014,169
1015,223
1016,115
1017,242
1018,37
1019,102
1020,82
1021,86
1022,160
1023,163
1024,143
1025,163
1026,136
1027,177
1028,110
1029,120
1030,35
1031,313
1032,91
1033,182
1034,124
1035,124
1036,192
1037,96
1038,57
1039,71
1040,170
1041,355
1042,141
1043,182
1044,174
1045,96
1046,155
1047,155
1048,310
1049,171
1050,72
1051,57
1052,90
1053,75
1054,160
1055,91
1056,118
1057,74
1058,123
1059,92
1060,45
1061,72
1062,233
1063,97
1064,145
1065,123
1066,116
1067,131
1068,147
1069,142
1070,206
1071,115
1072,61
1073,130
1074,118
1075,212
1076,202
1077,110
1078,59
1079,129
1080,94
1081,147
1082,65
1083,326
1084,266
1085,71
1086,154
1087,76
1088,84
1089,95
1090,185
1091,111
1092,85
1093,153
1094,82
1095,363
1096,80
1097,116
1098,153
1099,124
1100,122
1101,175
1102,143
1103,36
1104,43
1105,150
1106,201
1107,62
1108,77
1109,66
1110,137
1111,47
1112,189
1113,109
1114,223
1115,221
1116,131
1117,169
1118,271
1119,124
1120,156
1121,260
1122,217
1123,149
1124,90
1125,74
1126,171
1127,244
1128,180
1129,154
1130,83
1131,191
1132,71
1133,96
1134,105
1135,102
1136,239
1137,284
1138,136
1139,162
1140,55
1141,134
1142,79
1143,174
1144,169
1145,158
1146,99
1147,110
1148,133
1149,94
1150,237
1151,63
1152,242
1153,85
1154,184
1155,151
1156,247
1157,167
1158,51
1159,197
1160,56
1161,98
1162,178
1163,182
1164,119
1165,83
1166,101
1167,182
1168,195
1169,162
1170,70
1171,194
1172,180
1173,167
1174,215
1175,78
1176,117
1177,206
1178,116
1179,112
1180,72
1181,29
1182,37
1183,107
1184,158
1185,162
1186,302
1187,252
1188,107
1189,212
1190,135
1191,138
1192,85
1193,153
1194,176
1195,147
1196,72
1197,120
1198,199
1199,169
1200,178
1201,230
1202,276
1203,143
1204,24
1205,106
1206,102
1207,131
1208,172
1209,166
1210,195
1211,80
1212,64
1213,219
1214,180
1215,40
1216,313
1217,108
1218,229
1219,155
1220,128
1221,109
1222,210
1223,76
1224,107
1225,84
1226,170
1227,174
1228,127
1229,217
1230,113
1231,136
1232,116
1233,87
1234,303
1235,117
1236,176
1237,70
1238,100
1239,65
1240,106
1241,177
1242,65
1243,97
1244,135
1245,221
1246,153
1247,170
1248,195
1249,95
1250,197
1251,180
1252,38
1253,80
1254,107
1255,65
1256,109
1257,122
1258,139
1259,126
1260,181
1261,141
1262,132
1263,192
1264,75
1265,130
1266,139
1267,100
1268,140
1269,236
1270,89
1271,126
1272,66
1273,286
1274,384
1275,208
1276,173
1277,164
1278,204
1279,48
1280,60
1281,167
1282,102
1283,73
1284,151
1285,86
1286,35
1287,164
1288,104
1289,141
1290,139
1291,129
1292,82
1293,109
1294,194
1295,135
1296,149
1297,213
1298,99
1299,57
1300,115
1301,103
1302,100
1303,160
1304,154
1305,180
1306,137
1307,143
1308,87
1309,125
1310,153
1311,237
1312,99
1313,155
1314,264
1315,194
1316,84
1317,229
1318,102
1319,144
1320,134
1321,113
1322,251
1323,151
1324,91
1325,82
1326,179
1327,119
1328,50
1329,143
1330,129
1331,157
1332,341
1333,150
1334,173
1335,115
1336,108
1337,68
1338,147
1339,190
1340,33
1341,137
1342,146
1343,133
1344,108
1345,67
1346,133
1347,73
1348,97
1349,112
1350,35
1351,81
1352,75
1353,118
1354,114
1355,66
1356,112
1357,95
1358,104
1359,244
1360,75
1361,171
1362,294
1363,44
1364,146
1365,195
1366,71
1367,156
1368,168
1369,136
1370,68
1371,190
1372,125
1373,145
1374,147
1375,76
1376,110
1377,119
1378,95
1379,125
1380,281
1381,107
1382,124
1383,55
1384,73
1385,148
1386,154
1387,93
1388,105
1389,184
1390,170
1391,97
1392,100
1393,85
1394,273
1395,126
1396,89
1397,243
1398,73
1399,86
1400,112
1401,136
1402,216
1403,212
1404,73
1405,157
1406,153
1407,95
1408,186
1409,137
1410,75
1411,229
1412,46
1413,87
1414,39
1415,134
1416,105
1417,159
1418,121
1419,76
1420,188
1421,110
1422,72
1423,189
1424,101
1425,58
1426,108
1427,90
1428,168
1429,85
1430,208
1431,210
1432,140
1433,221
1434,180
1435,95
1436,63
1437,187
1438,200
1439,167
1440,185
1441,379
1442,209
1443,135
1444,204
1445,122
1446,194
1447,45
1448,106
1449,187
1450,99
1451,182
1452,197
1453,145
1454,252
1455,166
1456,93
1457,172
1458,289
1459,132
1460,170
1461,348
1462,157
1463,176
1464,251
1465,66
1466,144
1467,97
1468,121
1469,205
1470,132
1471,104
1472,103
1473,119
1474,248
1475,177
1476,63
1477,119
1478,253
1479,88
1480,164
1481,119
1482,102
1483,43
1484,126
1485,117
1486,70
1487,87
1488,133
1489,131
1490,109
1491,173
1492,121
1493,102
1494,146
1495,154
1496,71
1497,127
1498,73
1499,133
1500,68
1501,64
1502,151
1503,61
1504,66
1505,224
1506,89
1507,154
1508,148
1509,66
1510,98
1511,106
1512,68
1513,280
1514,140
1515,84
1516,204
1517,76
1518,188
1519,187
1520,117
1521,126
1522,89
1523,57
1524,114
1525,194
1526,240
1527,91
1528,167
1529,145
1530,189
1531,91
1532,205
1533,140
1534,172
1535,193
1536,174
1537,121
1538,74
1539,134
1540,146
1541,99
1542,82
1543,125
1544,194
1545,160
1546,56
1547,85
1548,83
1549,142
1550,242
1551,97
1552,62
1553,74
1554,228
1555,239
1556,131
1557,145
1558,83
1559,52
1560,293
1561,86
1562,82
1563,325
1564,202
1565,54
1566,94
1567,125
1568,141
1569,88
1570,123
1571,66
1572,229
1573,172
1574,68
1575,115
1576,143
1577,140
1578,38
1579,74
1580,204
1581,165
1582,44
1583,160
1584,159
1585,152
1586,157
1587,278
1588,186
1589,166
1590,216
1591,138
1592,117
1593,113
1594,79
1595,152
1596,51
1597,173
1598,151
1599,188
1600,132
1601,137
1602,74
1603,75
1604,50
1605,71
1606,132
1607,248
1608,69
1609,140
1610,141
1611,44
1612,142
1613,170
1614,93
1615,158
1616,71
1617,121
1618,136
1619,154
1620,63
1621,75
1622,189
1623,193
1624,107
1625,119
1626,43
1627,71
1628,64
1629,145
1630,73
1631,131
1632,96
1633,164
1634,159
1635,47
1636,315
1637,52
1638,155
1639,153
1640,77
1641,73
1642,78
1643,197
1644,29
1645,116
1646,78
1647,73
1648,129
1649,136
1650,85
1651,106
1652,189
1653,88
1654,204
1655,90
1656,139
1657,141
1658,142
1659,64
1660,136
1661,89
1662,195
1663,212
1664,212
1665,136
1666,126
1667,154
1668,95
1669,221
1670,150
1671,292
1672,110
1673,87
1674,238
1675,204
1676,134
1677,64
1678,90
1679,118
1680,161
1681,87
1682,119
1683,99
1684,223
1685,115
1686,122
1687,53
1688,37
1689,115
1690,122
1691,89
1692,122
1693,183
1694,95
1695,81
1696,116
1697,47
1698,123
1699,272
1700,145
1701,132
1702,243
1703,214
1704,93
1705,55
1706,76
1707,94
1708,92
1709,131
1710,255
1711,48
1712,142
1713,109
1714,24
1715,96
1716,65
1717,139
1718,51
1719,68
1720,189
1721,122
1722,143
1723,123
1724,57
1725,123
1726,192
1727,50
1728,144
1729,226
1730,107
1731,71
1732,126
1733,186
1734,74
1735,212
1736,115
1737,161
1738,206
1739,147
1740,163
1741,120
1742,163
1743,185
1744,196
1745,40
1746,180
1747,172
1748,143
1749,200
1750,98
1751,130
1752,184
1753,150
1754,189
1755,160
1756,132
1757,129
1758,161
1759,97
1760,105
1761,110
1762,84
1763,104
1764,208
1765,107
1766,139
1767,89
1768,110
1769,274
1770,85
1771,178
1772,61
1773,165
1774,177
1775,97
1776,177
1777,150
1778,223
1779,91
1780,156
1781,224
1782,105
1783,177
1784,86
1785,216
1786,80
1787,51
1788,173
1789,115
1790,276
1791,82
1792,64
1793,232
1794,80
1795,247
1796,146
1797,56
1798,217
1799,119
1800,100
1801,88
1802,134
1803,135
1804,119
1805,232
1806,223
1807,172
1808,151
1809,188
1810,183
1811,96
1812,68
1813,237
1814,76
1815,144
1816,78
1817,158
1818,192
1819,79
1820,144
1821,176
1822,167
1823,241
1824,63
1825,193
1826,116
1827,175
1828,268
1829,104
1830,90
1831,156
1832,57
1833,46
1834,66
1835,79
1836,119
1837,161
1838,67
1839,89
1840,309
1841,129
1842,169
1843,193
1844,178
1845,165
1846,113
1847,133
1848,449
1849,37
1850,143
1851,118
1852,66
1853,83
1854,153
1855,100
1856,109
1857,33
1858,180
1859,252
1860,95
1861,153
1862,77
1863,242
1864,205
1865,264
1866,86
1867,90
1868,59
1869,148
1870,240
1871,71
1872,137
1873,85
1874,134
1875,262
1876,100
1877,161
1878,130
1879,161
1880,123
1881,78
1882,152
1883,209
1884,98
1885,127
1886,80
1887,118
1888,97
1889,188
1890,49
1891,151
1892,89
1893,194
1894,131
1895,222
1896,83
1897,160
1898,195
1899,150
1900,210
1901,62
1902,86
1903,56
1904,102
1905,154
1906,93
1907,242
1908,159
1909,36
1910,150
1911,89
1912,288
1913,142
1914,160
1915,299
1916,47
1917,39
1918,97
1919,116
1920,102
1921,151
1922,72
1923,203
1924,172
1925,85
1926,136
1927,119
1928,153
1929,187
1930,133
1931,104
1932,228
1933,160
1934,76
1935,54
1936,76
1937,131
1938,205
1939,104
1940,179
1941,106
1942,140
1943,79
1944,146
1945,126
1946,147
1947,221
1948,194
1949,120
1950,97
1951,397
1952,95
1953,150
1954,130
1955,101
1956,206
1957,69
1958,176
1959,146
1960,115
1961,527
1962,177
1963,70
1964,104
1965,193
1966,181
1967,181
1968,211
1969,255
1970,104
1971,149
1972,101
1973,250
1974,86
1975,138
1976,144
1977,163
1978,79
1979,174
1980,147
1981,194
1982,164
1983,153
1984,67
1985,206
1986,73
1987,123
1988,197
1989,153
1990,110
1991,64
1992,129
1993,140
1994,94
1995,105
1996,346
1997,146
1998,89
1999,200
2000,179
2001,50
2002,220
2003,99
2004,181
2005,188
2006,200
2007,114
2008,123
2009,47
2010,133
2011,87
2012,160
2013,206
2014,182
2015,319
2016,100
2017,145
2018,252
2019,81
2020,79
2021,96
2022,145
2023,145
2024,66
2025,186
2026,116
2027,187
2028,163
2029,45
2030,82
2031,75
2032,111
2033,129
2034,169
2035,152
2036,122
2037,95
2038,61
2039,90
2040,107
2041,127
2042,135
2043,120
2044,185
2045,51
2046,32
2047,100
2048,298
2049,90
2050,102
2051,153
2052,109
2053,152
2054,130
2055,157
2056,66
2057,171
2058,75
2059,46
2060,112
2061,182
2062,69
2063,78
2064,130
2065,103
2066,48
2067,83
2068,148
2069,139
2070,80
2071,226
2072,178
2073,199
2074,173
2075,211
2076,47
2077,123
2078,49
2079,72
2080,125
2081,66
2082,88
2083,91
2084,167
2085,291
2086,129
2087,78
2088,45
2089,52
2090,46
2091,117
2092,117
2093,118
2094,148
2095,202
2096,58
2097,79
2098,55
2099,98
2100,112
2101,115
2102,145
2103,133
2104,113
2105,184
2106,105
2107,216
2108,106
2109,136
2110,100
2111,251
2112,99
2113,96
2114,349
2115,61
2116,89
2117,109
2118,113
2119,134
2120,142
2121,125
2122,177
2123,126
2124,160
2125,108
2126,165
2127,171
2128,168
2129,221
2130,251
2131,169
2132,141
2133,135
2134,108
2135,92
2136,147
2137,217
2138,87
2139,154
2140,76
2141,97
2142,209
2143,42
2144,204
2145,55
2146,38
2147,192
2148,139
2149,85
2150,77
2151,102
2152,146
2153,198
2154,187
2155,93
2156,94
2157,155
2158,108
2159,132
2160,78
2161,206
2162,210
2163,68
2164,122
2165,70
2166,134
2167,182
2168,140
2169,106
2170,91
2171,110
2172,66
2173,154
2174,76
2175,136
2176,147
2177,97
2178,144
2179,213
2180,166
2181,88
2182,274
2183,70
2184,203
2185,228
2186,87
2187,129
2188,106
2189,151
2190,147
2191,201
2192,216
2193,138
2194,123
2195,146
2196,107
2197,88
2198,115
2199,133
2200,103
2201,144
2202,81
2203,58
2204,74
2205,87
2206,83
2207,212
2208,153
2209,135
2210,144
2211,48
2212,252
2213,193
2214,136
2215,81
2216,229
2217,230
2218,62
2219,74
2220,146
2221,71
2222,153
2223,87
2224,115
2225,126
2226,67
2227,56
2228,64
2229,87
2230,219
2231,120
2232,124
2233,144
2234,87
2235,131
2236,152
2237,117
2238,86
2239,197
2240,206
2241,312
2242,138
2243,69
2244,176
2245,99
2246,86
2247,192
2248,69
2249,180
2250,70
2251,27
2252,109
2253,168
2254,160
2255,51
2256,173
2257,77
2258,61
2259,158
2260,87
2261,175
2262,49
2263,60
2264,122
2265,121
2266,59
2267,94
2268,121
2269,160
2270,169
2271,151
2272,30
2273,90
2274,51
2275,98
2276,159
2277,80
2278,126
2279,83
2280,48
2281,99
2282,154
2283,70
2284,168
2285,103
2286,72
2287,210
2288,183
2289,74
2290,160
2291,126
2292,173
2293,125
2294,95
2295,71
2296,283
2297,91
2298,371
2299,118
2300,152
2301,182
2302,98
2303,127
2304,155
2305,74
2306,62
2307,239
2308,187
2309,306
2310,82
2311,114
2312,124
2313,152
2314,56
2315,113
2316,129
2317,263
2318,139
2319,118
2320,152
2321,298
2322,45
2323,92
2324,91
2325,74
2326,121
2327,93
2328,188
2329,131
2330,173
2331,126
2332,128
2333,159
2334,77
2335,211
2336,167
2337,148
2338,115
2339,57
2340,124
2341,171
2342,182
2343,98
2344,54
2345,184
2346,239
2347,53
2348,63
2349,199
2350,192
2351,135
2352,62
2353,200
2354,268
2355,73
2356,154
2357,140
2358,195
2359,150
2360,101
2361,120
2362,128
2363,37
2364,165
2365,286
2366,92
2367,303
2368,59
2369,61
2370,127
2371,122
2372,106
2373,130
2374,170
2375,96
2376,84
2377,87
2378,127
2379,187
2380,85
2381,415
2382,225
2383,90
2384,81
2385,76
2386,105
2387,86
2388,97
2389,65
2390,159
2391,71
2392,97
2393,138
2394,172
2395,152
2396,225
2397,229
2398,114
2399,106
2400,122
2401,175
2402,134
2403,88
2404,147
2405,124
2406,96
2407,73
2408,118
2409,53
2410,124
2411,113
2412,221
2413,124
2414,168
2415,119
2416,282
2417,86
2418,98
2419,80
2420,153
2421,63
2422,97
2423,281
2424,126
2425,204
2426,186
2427,54
2428,77
2429,99
2430,51
2431,103
2432,185
2433,150
2434,65
2435,126
2436,99
2437,122
2438,67
2439,270
2440,127
2441,112
2442,158
2443,163
2444,66
2445,261
2446,68
2447,188
2448,177
2449,34
2450,150
2451,143
2452,257
2453,133
2454,147
2455,205
2456,181
2457,137
2458,187
2459,99
2460,46
2461,127
2462,91
2463,133
2464,198
2465,77
2466,184
2467,104
2468,128
2469,75
2470,254
2471,102
2472,132
2473,188
2474,158
2475,130
2476,84
2477,102
2478,88
2479,228
2480,88
2481,146
2482,122
2483,89
2484,218
2485,92
2486,106
2487,122
2488,81
2489,97
2490,201
2491,196
2492,80
2493,83
2494,89
2495,225
2496,144
2497,163
2498,61
2499,109
2500,159
2501,93
2502,125
2503,99
2504,105
2505,96
2506,105
2507,175
2508,284
2509,154
2510,139
2511,122
2512,131
2513,98
2514,41
2515,165
2516,71
2517,171
2518,122
2519,204
2520,107
2521,154
2522,118
2523,97
2524,93
2525,60
2526,184
2527,132
2528,232
2529,124
2530,391
2531,140
2532,192
2533,63
2534,161
2535,131
2536,82
2537,58
2538,85
2539,221
2540,126
2541,179
2542,126
2543,117
2544,110
2545,96
2546,218
2547,213
2548,193
2549,129
2550,70
2551,81
2552,137
2553,263
2554,95
2555,164
2556,102
2557,139
2558,92
2559,292
2560,59
2561,115
2562,130
2563,71
2564,123
2565,215
2566,146
2567,149
2568,253
2569,38
2570,78
2571,204
2572,174
2573,102
2574,116
2575,69
2576,153
2577,37
2578,120
2579,116
2580,178
2581,186
2582,174
2583,52
2584,96
2585,323
2586,130
2587,156
2588,230
2589,121
2590,89
2591,132
2592,182
2593,63
2594,76
2595,147
2596,74
2597,113
2598,203
2599,74
2600,128
2601,219
2602,102
2603,163
2604,100
2605,116
2606,142
2607,206
2608,122
2609,145
2610,220
2611,92
2612,315
2613,71
2614,83
2615,104
2616,254
2617,139
2618,83
2619,84
2620,177
2621,98
2622,146
2623,129
2624,121
2625,64
2626,106
2627,142
2628,67
2629,80
2630,174
2631,192
2632,196
2633,102
2634,89
2635,119
2636,159
2637,104
2638,95
2639,79
2640,224
2641,238
2642,166
2643,134
2644,69
2645,63
2646,112
2647,33
2648,153
2649,118
2650,130
2651,133
2652,304
2653,44
2654,120
2655,84
2656,93
2657,130
2658,130
2659,65
2660,95
2661,187
2662,110
2663,263
2664,106
2665,36
2666,59
2667,249
2668,108
2669,103
2670,198
2671,80
2672,87
2673,52
2674,172
2675,157
2676,153
2677,94
2678,203
2679,136
2680,79
2681,147
2682,163
2683,147
2684,227
2685,292
2686,357
2687,77
2688,108
2689,203
2690,47
2691,206
2692,113
2693,143
2694,192
2695,54
2696,194
2697,74
2698,203
2699,146
2700,52
2701,209
2702,114
2703,72
2704,116
2705,167
2706,76
2707,135
2708,148
2709,157
2710,106
2711,89
2712,140
2713,224
2714,120
2715,39
2716,160
2717,205
2718,136
2719,338
2720,238
2721,209
2722,53
2723,187
2724,209
2725,198
2726,161
2727,103
2728,83
2729,100
2730,220
2731,155
2732,139
2733,302
2734,194
2735,62
2736,185
2737,201
2738,80
2739,211
2740,137
2741,160
2742,66
2743,68
2744,88
2745,142
2746,156
2747,74
2748,179
2749,66
2750,177
2751,238
2752,132
2753,271
2754,120
2755,118
2756,84
2757,156
2758,123
2759,113
2760,79
2761,250
2762,127
2763,114
2764,144
2765,151
2766,128
2767,134
2768,134
2769,139
2770,178
2771,133
2772,104
2773,162
2774,87
2775,82
2776,137
2777,116
2778,47
2779,185
2780,162
2781,81
2782,171
2783,56
2784,203
2785,206
2786,71
2787,189
2788,189
2789,152
2790,91
2791,92
2792,80
2793,65
2794,90
2795,103
2796,162
2797,145
2798,61
2799,179
2800,102
2801,113
2802,122
2803,81
2804,107
2805,135
2806,85
2807,105
2808,40
2809,230
2810,132
2811,106
2812,58
2813,120
2814,112
2815,99
2816,85
2817,192
2818,131
2819,124
2820,143
2821,180
2822,113
2823,182
2824,89
2825,111
2826,129
2827,162
2828,153
2829,91
2830,221
2831,175
2832,258
2833,135
2834,158
2835,109
2836,89
2837,134
2838,36
2839,45
2840,106
2841,93
2842,160
2843,48
2844,169
2845,40
2846,151
2847,109
2848,101
2849,92
2850,141
2851,99
2852,174
2853,96
2854,64
2855,138
2856,197
2857,116
2858,152
2859,178
2860,201
2861,67
2862,297
2863,75
2864,119
2865,71
2866,118
2867,186
2868,90
2869,112
2870,141
2871,117
2872,50
2873,75
2874,92
2875,135
2876,115
2877,89
2878,146
2879,136
2880,131
2881,89
2882,134
2883,121
2884,95
2885,207
2886,101
2887,212
2888,60
2889,225
2890,127
2891,51
2892,42
2893,58
2894,123
2895,178
2896,159
2897,65
2898,336
2899,164
2900,170
2901,221
2902,183
2903,79
2904,123
2905,78
2906,148
2907,96
2908,78
2909,61
2910,118
2911,104
2912,151
2913,112
2914,104
2915,115
2916,265
2917,135
2918,115
2919,232
2920,137
2921,167
2922,109
2923,150
2924,40
2925,98
2926,141
2927,147
2928,191
2929,109
2930,298
2931,302
2932,130
2933,108
2934,168
2935,133
2936,71
2937,63
2938,87
2939,171
2940,65
2941,81
2942,244
2943,87
2944,113
2945,244
2946,73
2947,149
2948,111
2949,136
2950,160
2951,150
2952,101
2953,78
2954,116
2955,194
2956,203
2957,244
2958,94
2959,85
2960,90
2961,196
2962,120
2963,96
2964,140
2965,162
2966,97
2967,180
2968,134
2969,136
2970,147
2971,65
2972,242
2973,181
2974,39
2975,206
2976,273
2977,19
2978,234
2979,131
2980,127
2981,166
2982,110
2983,168
2984,52
2985,89
2986,187
2987,154
2988,60
2989,74
2990,69
2991,49
2992,116
2993,92
2994,80
2995,75
2996,46
2997,85
2998,190
2999,67
3000,168
3001,242
3002,120
3003,83
3004,101
3005,96
3006,98
3007,69
3008,218
3009,165
3010,171
3011,73
3012,81
3013,170
3014,149
3015,110
3016,105
3017,244
3018,117
3019,170
3020,184
3021,80
3022,140
3023,125
3024,186
3025,191
3026,131
3027,101
3028,200
3029,69
3030,126
3031,135
3032,105
3033,66
3034,176
3035,55
3036,137
3037,148
3038,53
3039,73
3040,106
3041,59
3042,122
3043,43
3044,99
3045,131
3046,170
3047,96
3048,51
3049,87
3050,218
3051,98
3052,129
3053,164
3054,139
3055,47
3056,185
3057,167
3058,131
3059,106
3060,166
3061,102
3062,121
3063,91
3064,147
3065,394
3066,84
3067,251
3068,116
3069,72
3070,121
3071,146
3072,152
3073,84
3074,45
3075,36
3076,191
3077,274
3078,119
3079,159
3080,109
3081,130
3082,206
3083,60
3084,138
3085,177
3086,157
3087,182
3088,68
3089,72
3090,97
3091,118
3092,239
3093,82
3094,162
3095,172
3096,103
3097,141
3098,104
3099,77
3100,224
3101,95
3102,202
3103,77
3104,186
3105,109
3106,95
3107,79
3108,95
3109,190
3110,130
3111,128
3112,72
3113,40
3114,92
3115,214
3116,169
3117,220
3118,228
3119,114
3120,152
3121,136
3122,153
3123,130
3124,76
3125,188
3126,138
3127,108
3128,169
3129,122
3130,104
3131,190
3132,112
3133,332
3134,169
3135,190
3136,44
3137,183
3138,139
3139,139
3140,199
3141,229
3142,130
3143,156
3144,109
3145,173
3146,87
3147,111
3148,126
3149,226
3150,154
3151,154
3152,154
3153,86
3154,223
3155,80
3156,74
3157,54
3158,75
3159,121
3160,87
3161,139
3162,121
3163,118
3164,180
3165,196
3166,110
3167,174
3168,64
3169,201
3170,154
3171,148
3172,272
3173,174
3174,98
3175,158
3176,222
3177,165
3178,69
3179,192
3180,101
3181,66
3182,174
3183,147
3184,231
3185,71
3186,103
3187,118
3188,147
3189,90
3190,191
3191,58
3192,242
3193,135
3194,170
3195,87
3196,256
3197,45
3198,149
3199,28
3200,140
3201,93
3202,144
3203,97
3204,172
3205,114
3206,98
3207,182
3208,224
3209,106
3210,198
3211,124
3212,176
3213,103
3214,156
3215,207
3216,36
3217,109
3218,216
3219,129
3220,292
3221,196
3222,91
3223,103
3224,59
3225,74
3226,47
3227,90
3228,113
3229,171
3230,264
3231,139
3232,106
3233,116
3234,174
3235,99
3236,117
3237,138
3238,210
3239,54
3240,85
3241,62
3242,206
3243,27
3244,182
3245,106
3246,66
3247,115
3248,121
3249,66
3250,198
3251,159
3252,126
3253,178
3254,119
3255,163
3256,91
3257,70
3258,87
3259,77
3260,43
3261,54
3262,294
3263,187
3264,464
3265,227
3266,219
3267,42
3268,83
3269,146
3270,49
3271,127
3272,161
3273,172
3274,193
3275,101
3276,146
3277,137
3278,98
3279,44
3280,80
3281,131
3282,166
3283,177
3284,119
3285,69
3286,108
3287,155
3288,136
3289,75
3290,168
3291,128
3292,206
3293,180
3294,191
3295,221
3296,154
3297,72
3298,241
3299,83
3300,99
3301,150
3302,98
3303,173
3304,71
3305,83
3306,193
3307,61
3308,150
3309,82
3310,159
3311,84
3312,127
3313,146
3314,162
3315,84
3316,103
3317,208
3318,139
3319,107
3320,174
3321,180
3322,129
3323,140
3324,61
3325,216
3326,61
3327,226
3328,74
3329,134
3330,113
3331,128
3332,169
3333,109
3334,214
3335,94
3336,97
3337,135
3338,138
3339,104
3340,165
3341,191
3342,92
3343,214
3344,124
3345,66
3346,262
3347,167
3348,55
3349,39
3350,133
3351,144
3352,89
3353,121
3354,110
3355,96
3356,106
3357,66
3358,93
3359,232
3360,242
3361,163
3362,211
3363,56
3364,137
3365,87
3366,92
3367,195
3368,201
3369,73
3370,148
3371,106
3372,149
3373,221
3374,56
3375,185
3376,122
3377,163
3378,93
3379,172
3380,150
3381,138
3382,128
3383,90
3384,106
3385,121
3386,108
3387,89
3388,186
3389,197
3390,126
3391,162
3392,295
3393,223
3394,167
3395,38
3396,180
3397,86
3398,166
3399,201
3400,151
3401,112
3402,227
3403,96
3404,65
3405,134
3406,86
3407,105
3408,66
3409,116
3410,68
3411,95
3412,74
3413,85
3414,247
3415,161
3416,206
3417,159
3418,123
3419,140
3420,326
3421,75
3422,109
3423,113
3424,140
3425,48
3426,128
3427,103
3428,74
3429,138
3430,123
3431,182
3432,242
3433,42
3434,140
3435,237
3436,200
3437,77
3438,179
3439,64
3440,94
3441,416
3442,73
3443,221
3444,103
3445,189
3446,96
3447,83
3448,98
3449,121
3450,76
3451,225
3452,96
3453,132
3454,119
3455,71
3456,180
3457,245
3458,93
3459,81
3460,109
3461,137
3462,109
3463,168
3464,90
3465,72
3466,105
3467,81
3468,117
3469,123
3470,58
3471,155
3472,145
3473,114
3474,78
3475,78
3476,115
3477,85
3478,209
3479,109
3480,168
3481,80
3482,247
3483,186
3484,86
3485,145
3486,54
3487,178
3488,105
3489,113
3490,60
3491,170
3492,171
3493,202
3494,131
3495,104
3496,96
3497,179
3498,182
3499,341
3500,75
3501,98
3502,135
3503,172
3504,86
3505,192
3506,134
3507,185
3508,65
3509,119
3510,95
3511,241
3512,72
3513,159
3514,232
3515,86
3516,82
3517,32
3518,68
3519,180
3520,159
3521,149
3522,190
3523,174
3524,178
3525,154
3526,151
3527,236
3528,191
3529,66
3530,105
3531,178
3532,236
3533,269
3534,94
3535,79
3536,95
3537,156
3538,213
3539,80
3540,116
3541,123
3542,144
3543,122
3544,155
3545,140
3546,62
3547,230
3548,167
3549,178
3550,127
3551,236
3552,92
3553,120
3554,231
3555,191
3556,60
3557,80
3558,125
3559,143
3560,65
3561,152
3562,64
3563,140
3564,197
3565,84
3566,66
3567,65
3568,155
3569,100
3570,69
3571,171
3572,127
3573,163
3574,304
3575,269
3576,97
3577,174
3578,161
3579,84
3580,104
3581,451
3582,60
3583,58
3584,134
3585,285
3586,122
3587,161
3588,96
3589,219
3590,88
3591,141
3592,55
3593,162
3594,70
3595,137
3596,62
3597,93
3598,178
3599,183
3600,213
3601,305
3602,197
3603,135
3604,199
3605,57
3606,113
3607,63
3608,154
3609,69
3610,109
3611,194
3612,207
3613,136
3614,230
3615,98
3616,58
3617,101
3618,103
3619,121
3620,170
3621,240
3622,74
3623,117
3624,72
3625,53
3626,60
3627,84
3628,120
3629,172
3630,125
3631,131
3632,117
3633,221
3634,65
3635,346
3636,163
3637,114
3638,125
3639,279
3640,83
3641,96
3642,110
3643,169
3644,101
3645,81
3646,43
3647,33
3648,192
3649,49
3650,121
3651,167
3652,28
3653,46
3654,191
3655,168
3656,190
3657,75
3658,125
3659,203
3660,192
3661,113
3662,113
3663,70
3664,257
3665,68
3666,219
3667,258
3668,107
3669,220
3670,213
3671,125
3672,86
3673,78
3674,100
3675,124
3676,204
3677,389
3678,169
3679,101
3680,109
3681,115
3682,187
3683,155
3684,117
3685,156
3686,164
3687,82
3688,105
3689,66
3690,267
3691,65
3692,141
3693,288
3694,64
3695,123
3696,84
3697,189
3698,250
3699,155
3700,173
3701,77
3702,248
3703,252
3704,139
3705,47
3706,109
3707,155
3708,115
3709,128
3710,107
3711,132
3712,121
3713,115
3714,73
3715,126
3716,128
3717,48
3718,157
3719,115
3720,111
3721,172
3722,101
3723,66
3724,165
3725,104
3726,133
3727,78
3728,106
3729,59
3730,103
3731,64
3732,167
3733,222
3734,34
3735,128
3736,137
3737,320
3738,170
3739,121
3740,68
3741,83
3742,228
3743,181
3744,67
3745,189
3746,143
3747,48
3748,158
3749,188
3750,121
3751,151
3752,174
3753,191
3754,323
3755,87
3756,84
3757,173
3758,179
3759,80
3760,137
3761,218
3762,52
3763,198
3764,101
3765,84
3766,52
3767,56
3768,81
3769,151
3770,243
3771,72
3772,143
3773,184
3774,96
3775,128
3776,153
3777,111
3778,110
3779,117
3780,74
3781,104
3782,84
3783,119
3784,164
3785,159
3786,188
3787,79
3788,99
3789,227
3790,227
3791,125
3792,161
3793,199
3794,169
3795,112
3796,56
3797,198
3798,163
3799,184
3800,199
3801,120
3802,173
3803,90
3804,144
3805,98
3806,74
3807,103
3808,92
3809,134
3810,168
3811,367
3812,74
3813,92
3814,77
3815,126
3816,157
3817,165
3818,231
3819,197
3820,62
3821,143
3822,109
3823,50
3824,205
3825,139
3826,95
3827,51
3828,94
3829,129
3830,338
3831,180
3832,154
3833,250
3834,92
3835,94
3836,143
3837,80
3838,41
3839,57
3840,51
3841,180
3842,57
3843,63
3844,228
3845,125
3846,102
3847,80
3848,57
3849,102
3850,140
3851,101
3852,137
3853,101
3854,139
3855,69
3856,219
3857,130
3858,113
3859,120
3860,114
3861,167
3862,106
3863,136
3864,172
3865,36
3866,77
3867,85
3868,44
3869,69
3870,82
3871,179
3872,40
3873,72
3874,135
3875,74
3876,57
3877,191
3878,251
3879,177
3880,73
3881,63
3882,84
3883,138
3884,418
3885,173
3886,197
3887,72
3888,60
3889,76
3890,199
3891,138
3892,72
3893,218
3894,139
3895,121
3896,117
3897,191
3898,227
3899,136
3900,42
3901,181
3902,235
3903,113
3904,172
3905,180
3906,155
3907,98
3908,91
3909,197
3910,163
3911,162
3912,91
3913,103
3914,187
3915,181
3916,133
3917,118
3918,138
3919,88
3920,176
3921,159
3922,129
3923,89
3924,126
3925,124
3926,41
3927,162
3928,217
3929,78
3930,102
3931,115
3932,187
3933,155
3934,98
3935,195
3936,64
3937,110
3938,86
3939,73
3940,162
3941,235
3942,137
3943,118
3944,213
3945,237
3946,204
3947,127
3948,103
3949,80
3950,140
3951,97
3952,91
3953,124
3954,186
3955,80
3956,93
3957,48
3958,58
3959,111
3960,57
3961,137
3962,108
3963,118
3964,105
3965,98
3966,158
3967,71
3968,151
3969,76
3970,200
3971,51
3972,249
3973,286
3974,33
3975,84
3976,129
3977,83
3978,119
3979,38
3980,186
3981,54
3982,74
3983,143
3984,168
3985,150
3986,164
3987,244
3988,146
3989,114
3990,127
3991,51
3992,206
3993,126
3994,184
3995,68
3996,195
3997,133
3998,106
3999,69
4000,188
4001,37
4002,81
4003,111
4004,201
4005,162
4006,69
4007,248
4008,181
4009,111
4010,127
4011,152
4012,55
4013,72
4014,159
4015,77
4016,87
4017,179
4018,167
4019,116
4020,144
4021,95
4022,145
4023,166
4024,123
4025,75
4026,100
4027,83
4028,234
4029,175
4030,93
4031,103
4032,124
4033,192
4034,169
4035,98
4036,142
4037,149
4038,310
4039,124
4040,90
4041,29
4042,118
4043,125
4044,249
4045,138
4046,158
4047,156
4048,128
4049,140
4050,122
4051,189
4052,72
4053,116
4054,198
4055,172
4056,95
4057,138
4058,57
4059,144
4060,283
4061,87
4062,88
4063,32
4064,206
4065,129
4066,115
4067,317
4068,199
4069,138
4070,64
4071,116
4072,76
4073,112
4074,88
4075,108
4076,256
4077,441
4078,268
4079,105
4080,125
4081,75
4082,143
4083,194
4084,105
4085,140
4086,122
4087,127
4088,74
4089,154
4090,105
4091,159
4092,169
4093,57
4094,86
4095,109
4096,67
4097,121
4098,148
4099,165
4100,29
4101,96
4102,70
4103,129
4104,164
4105,104
4106,116
4107,110
4108,168
4109,159
4110,128
4111,89
4112,167
4113,72
4114,246
4115,120
4116,221
4117,97
4118,61
4119,247
4120,54
4121,128
4122,69
4123,66
4124,136
4125,81
4126,142
4127,122
4128,72
4129,103
4130,162
4131,113
4132,100
4133,97
4134,77
4135,180
4136,192
4137,213
4138,76
4139,73
4140,116
4141,138
4142,124
4143,123
4144,55
4145,134
4146,80
4147,187
4148,157
4149,230
4150,114
4151,288
4152,108
4153,140
4154,242
4155,131
4156,148
4157,108
4158,194
4159,118
4160,112
4161,103
4162,215
4163,56
4164,281
4165,88
4166,107
4167,114
4168,62
4169,137
4170,66
4171,87
4172,44
4173,71
4174,153
4175,161
4176,251
4177,153
4178,164
4179,199
4180,143
4181,69
4182,137
4183,147
4184,122
4185,122
4186,52
4187,124
4188,95
4189,103
4190,116
4191,65
4192,91
4193,95
4194,121
4195,168
4196,182
4197,150
4198,198
4199,184
4200,54
4201,121
4202,138
4203,182
4204,78
4205,84
4206,111
4207,175
4208,198
4209,74
4210,211
4211,45
4212,259
4213,125
4214,63
4215,141
4216,82
4217,187
4218,74
4219,180
4220,74
4221,118
4222,88
4223,139
4224,104
4225,163
4226,229
4227,222
4228,111
4229,127
4230,80
4231,242
4232,239
4233,102
4234,196
4235,188
4236,174
4237,133
4238,246
4239,71
4240,96
4241,104
4242,100
4243,126
4244,83
4245,99
4246,68
4247,71
4248,101
4249,201
4250,146
4251,253
4252,124
4253,184
4254,73
4255,151
4256,107
4257,187
4258,187
4259,69
4260,160
4261,146
4262,57
4263,152
4264,273
4265,151
4266,110
4267,78
4268,273
4269,97
4270,84
4271,308
4272,161
4273,97
4274,153
4275,231
4276,200
4277,120
4278,162
4279,195
4280,289
4281,102
4282,116
4283,62
4284,150
4285,135
4286,202
4287,169
4288,45
4289,88
4290,124
4291,181
4292,84
4293,100
4294,165
4295,118
4296,217
4297,102
4298,185
4299,80
4300,223
4301,217
4302,36
4303,149
4304,133
4305,140
4306,195
4307,159
4308,73
4309,119
4310,167
4311,96
4312,197
4313,186
4314,326
4315,220
4316,95
4317,155
4318,84
4319,319
4320,121
4321,124
4322,210
4323,150
4324,176
4325,102
4326,289
4327,195
4328,181
4329,124
4330,102
4331,62
4332,43
4333,146
4334,107
4335,112
4336,38
4337,103
4338,185
4339,358
4340,105
4341,153
4342,88
4343,132
4344,73
4345,72
4346,238
4347,38
4348,206
4349,112
4350,47
4351,191
4352,244
4353,177
4354,99
4355,149
4356,198
4357,183
4358,192
4359,146
4360,98
4361,81
4362,76
4363,110
4364,139
4365,131
4366,63
4367,91
4368,70
4369,83
4370,157
4371,271
4372,246
4373,197
4374,36
4375,199
4376,150
4377,162
4378,152
4379,153
4380,140
4381,146
4382,221
4383,89
4384,149
4385,103
4386,204
4387,188
4388,164
4389,186
4390,153
4391,124
4392,145
4393,59
4394,48
4395,169
4396,177
4397,45
4398,150
4399,128
4400,166
4401,125
4402,211
4403,115
4404,106
4405,132
4406,75
4407,149
4408,81
4409,148
4410,174
4411,142
4412,84
4413,138
4414,32
4415,92
4416,60
4417,132
4418,109
4419,66
4420,153
4421,204
4422,126
4423,212
4424,158
4425,180
4426,40
4427,172
4428,110
4429,115
4430,195
4431,117
4432,148
4433,96
4434,196
4435,224
4436,146
4437,213
4438,86
4439,82
4440,157
4441,107
4442,70
4443,142
4444,344
4445,38
4446,189
4447,109
4448,127
4449,230
4450,86
4451,64
4452,169
4453,226
4454,175
4455,101
4456,179
4457,70
4458,114
4459,215
4460,160
4461,237
4462,116
4463,85
4464,92
4465,93
4466,180
4467,105
4468,169
4469,162
4470,71
4471,181
4472,133
4473,140
4474,76
4475,71
4476,167
4477,342
4478,47
4479,101
4480,243
4481,76
4482,56
4483,268
4484,55
4485,157
4486,132
4487,150
4488,170
4489,136
4490,85
4491,149
4492,139
4493,144
4494,101
4495,125
4496,111
4497,125
4498,164
4499,153
4500,172
4501,87
4502,191
4503,351
4504,124
4505,36
4506,72
4507,80
4508,127
4509,128
4510,170
4511,132
4512,174
4513,185
4514,40
4515,137
4516,90
4517,95
4518,129
4519,62
4520,72
4521,313
4522,63
4523,258
4524,213
4525,123
4526,52
4527,139
4528,98
4529,247
4530,84
4531,157
4532,115
4533,79
4534,125
4535,176
4536,203
4537,144
4538,118
4539,111
4540,229
4541,176
4542,99
4543,137
4544,70
4545,128
4546,378
4547,103
4548,204
4549,111
4550,186
4551,141
4552,120
4553,224
4554,123
4555,183
4556,56
4557,52
4558,109
4559,108
4560,75
4561,117
4562,152
4563,178
4564,152
4565,38
4566,96
4567,163
4568,148
4569,183
4570,198
4571,111
4572,67
4573,151
4574,119
4575,98
4576,171
4577,80
4578,76
4579,147
4580,110
4581,207
4582,77
4583,151
4584,177
4585,107
4586,125
4587,141
4588,126
4589,189
4590,121
4591,202
4592,98
4593,128
4594,41
4595,210
4596,199
4597,210
4598,128
4599,117
4600,151
4601,70
4602,64
4603,101
4604,162
4605,231
4606,112
4607,104
4608,250
4609,177
4610,48
4611,72
4612,294
4613,66
4614,229
4615,116
4616,72
4617,177
4618,239
4619,215
4620,260
4621,106
4622,88
4623,109
4624,130
4625,183
4626,82
4627,143
4628,158
4629,266
4630,143
4631,34
4632,168
4633,129
4634,74
4635,201
4636,66
4637,87
4638,155
4639,230
4640,100
4641,102
4642,185
4643,68
4644,59
4645,103
4646,159
4647,219
4648,163
4649,77
4650,93
4651,85
4652,66
4653,99
4654,112
4655,126
4656,111
4657,46
4658,133
4659,89
4660,116
4661,95
4662,247
4663,219
4664,206
4665,164
4666,136
4667,185
4668,59
4669,118
4670,224
4671,79
4672,118
4673,183
4674,33
4675,255
4676,74
4677,211
4678,175
4679,82
4680,77
4681,126
4682,122
4683,110
4684,131
4685,145
4686,125
4687,113
4688,96
4689,125
4690,179
4691,297
4692,87
4693,83
4694,132
4695,57
4696,102
4697,216
4698,138
4699,55
4700,90
4701,126
4702,106
4703,120
4704,240
4705,225
4706,145
4707,102
4708,98
4709,118
4710,70
4711,86
4712,177
4713,210
4714,80
4715,310
4716,43
4717,116
4718,164
4719,119
4720,143
4721,156
4722,59
4723,261
4724,328
4725,281
4726,100
4727,118
4728,62
4729,197
4730,64
4731,192
4732,111
4733,186
4734,89
4735,101
4736,87
4737,189
4738,195
4739,276
4740,88
4741,82
4742,120
4743,140
4744,195
4745,237
4746,139
4747,120
4748,205
4749,170
4750,157
4751,212
4752,137
4753,148
4754,109
4755,174
4756,66
4757,227
4758,161
4759,191
4760,137
4761,88
4762,84
4763,140
4764,265
4765,65
4766,96
4767,132
4768,159
4769,270
4770,125
4771,67
4772,40
4773,178
4774,209
4775,65
4776,50
4777,271
4778,139
4779,94
4780,166
4781,57
4782,124
4783,72
4784,51
4785,106
4786,80
4787,309
4788,99
4789,109
4790,85
4791,95
4792,146
4793,95
4794,72
4795,200
4796,163
4797,192
4798,77
4799,121
4800,130
4801,201
4802,111
4803,124
4804,161
4805,249
4806,229
4807,209
4808,86
4809,219
4810,154
4811,67
4812,99
4813,149
4814,43
4815,80
4816,115
4817,97
4818,77
4819,136
4820,79
4821,106
4822,65
4823,211
4824,162
4825,131
4826,136
